shock,matching,dropped_date,side,shock_dropped,int_coef,int_se,int_pval,pre_coef,pre_se,pre_pval,int_shift,pre_shift
1Y,exact,2008-01-17,pre,-0.02,-2.209744549839664,0.6578910998075111,7.922129538840545e-4,0.6937150219285664,0.3555685532687415,0.05114698923083432,-0.01593990458733341,0.01581737488322632
1Y,exact,2008-04-16,pre,0.01,-2.194105359814445,0.6592082655023377,8.837082168697433e-4,0.6781940705736733,0.35803299026859464,0.0582887494108395,-3.0071456211411274e-4,2.9642352833325614e-4
1Y,exact,2008-09-16,pre,-0.31,-2.2201442006736762,0.6878891293567287,0.0012619288413154989,0.7039952731223165,0.4084176049489164,0.08485939205927918,-0.026339555421345473,0.02609762607697641
1Y,exact,2008-10-09,pre,-0.06,-2.2224630097609595,0.6574055691637926,7.321002577628987e-4,0.7065824251535782,0.35470148526185974,0.04645358259190312,-0.028658364508628686,0.028684778108238107
1Y,exact,2008-10-30,pre,0.025,-2.211252795921435,0.6578419957004985,7.849794920387786e-4,0.6956909393285943,0.35562426809794084,0.050525296362786874,-0.017448150669104212,0.017793292283254214
1Y,exact,2008-11-26,pre,-0.5,-1.8987179128497624,0.7126023088818927,0.0077506856522711,0.38263314430493023,0.4487497688705252,0.3939112423544793,0.29508673240256833,-0.29526450274040983
1Y,exact,2008-12-23,pre,0.04,-2.172587768498574,0.6608092751507555,0.0010211465952607915,0.6567548418516788,0.36102441942733277,0.068986380371117,0.02121687675375661,-0.021142805193661296
1Y,exact,2010-01-13,pre,0.12,-2.234213112120968,0.6591197243750323,7.084810826298053e-4,0.7182396692004073,0.3578454622833471,0.04482350772870913,-0.040408466868637305,0.040342022155067214
1Y,exact,2010-10-20,pre,0.175,-2.2019835839474604,0.6674836871947869,9.815278286938196e-4,0.6860155188937784,0.3730339036734609,0.06600858964985022,-0.008178938695129645,0.008117871848438374
1Y,exact,2010-11-11,pre,0.05,-2.150060212701633,0.6619541328289054,0.0011744139691885233,0.6340275472639502,0.36301494282675056,0.08081290585556607,0.04374443255069771,-0.04387009978138989
1Y,exact,2011-02-09,pre,0.27,-2.2743729679811535,0.6701045712734461,6.973272434959312e-4,0.7585026964075984,0.3776938465617875,0.04470381963764676,-0.08056832272882275,0.08060504936225832
1Y,exact,2011-04-06,pre,0.02,-2.196149943519554,0.6591179004504323,8.725265147686357e-4,0.6802049515041839,0.357854586280236,0.057422967556798994,-0.0023452982672234057,0.002307304458843862
1Y,exact,2011-05-13,pre,0.12,-2.156509995597492,0.662760246113396,0.001150855442020321,0.6405677113172437,0.3645056562885157,0.07895539634279813,0.037294649654838974,-0.0373299357280964
1Y,exact,2011-06-14,pre,0.18,-2.2707227481857117,0.6583352655391058,5.69794021889133e-4,0.7548750098812619,0.3564120578868624,0.03425601333260048,-0.07691810293338097,0.07697736283592183
1Y,exact,2011-07-07,pre,-0.06,-2.1703842887929428,0.6614470850719665,0.0010448961664498,0.654471674774214,0.3621500400974887,0.0708307901389576,0.023420356459388003,-0.023425972271126083
1Y,exact,2011-12-01,pre,-0.2,-1.9838655565489813,0.6554773259492431,0.0024936223578220125,0.46792948615105806,0.3511479413183415,0.1827708914107655,0.20993908870334943,-0.209968160894282
1Y,exact,2012-05-10,pre,-0.05,-2.1944419630876673,0.659719807730894,8.902758870824161e-4,0.6783998851847527,0.3589356066359342,0.05884709081844881,-6.373178353364928e-4,5.022381394126363e-4
1Y,exact,2012-06-08,pre,-0.17,-2.257635196134336,0.6594096466012669,6.257346807942941e-4,0.7418650264377049,0.3584294537169881,0.038557145332920234,-0.06383055088200518,0.06396737939236485
1Y,exact,2012-07-03,pre,-0.02,-2.1821453850796475,0.6601392402570266,9.586067295008505e-4,0.6663245482453346,0.35977435320928186,0.06411212069086215,0.011659260172683261,-0.011573098800005455
1Y,exact,2012-07-06,pre,-0.11,-2.2855123401814366,0.6497257142536018,4.4164310497505694e-4,0.7696318002491899,0.34025047460640206,0.02376923459029297,-0.0917076949291058,0.09173415320384981
1Y,exact,2012-07-19,pre,0.03,-2.198804548934718,0.6590656384357602,8.592138120544548e-4,0.6829741018613334,0.3577994672880067,0.05637805191039422,-0.004999903682387341,0.005076454815993392
1Y,exact,2012-08-21,pre,0.07,-2.2005860826526638,0.6589466458584168,8.490880875216987e-4,0.68466853548709,0.3575542972871795,0.05560178130847934,-0.00678143740033299,0.006770888441749889
1Y,exact,2013-07-30,pre,-0.01,-2.199968481594486,0.6586993939596122,8.481262554059185e-4,0.6839626161576109,0.35706086702920475,0.05551643991314311,-0.006163836342155449,0.006064969112270835
1Y,exact,2013-08-06,pre,-0.05,-2.198938147958541,0.6591790829927131,8.60358581760433e-4,0.683051102926752,0.357984969979772,0.05647805112602161,-0.005133502706210269,0.005153455881411917
1Y,exact,2013-08-13,pre,0.0467,-2.1739939548019254,0.6609375081277558,0.001015775806451742,0.6579835820885012,0.3611676776286957,0.06857841421901767,0.0198106904504054,-0.019914064956838895
1Y,exact,2013-10-29,pre,0.0925,-2.1463650881160037,0.6632097382340897,0.0012235517418859683,0.6306252397717258,0.365449339915576,0.08451642365576367,0.04743955713632708,-0.04727240727361426
1Y,exact,2014-04-22,pre,-0.02,-2.2047161879280095,0.6582467074420153,8.196447216384932e-4,0.6890071674983284,0.35633759123807024,0.05325598392627494,-0.010911542675678731,0.011109520452988297
1Y,exact,2014-06-10,pre,-0.04,-2.197773899480841,0.6592996342135444,8.6771337551737e-4,0.681875469221258,0.3582103694280577,0.05706008007006792,-0.003969254228510355,0.003977822175917911
1Y,exact,2015-01-22,pre,0.055,-2.2387526027163682,0.6554415701763989,6.445285758948461e-4,0.7227850108181602,0.35100872405658406,0.03956196397229716,-0.04494795746403746,0.0448873637728201
1Y,exact,2015-02-05,pre,-0.025,-2.192603203177528,0.6594585423818655,8.949674615696385e-4,0.6767010087839922,0.3585002376263433,0.059174754152776135,0.00120144207480255,-0.0011966382613478599
1Y,exact,2015-03-17,pre,-0.12,-2.1841119918198317,0.6639226003884384,0.0010141556754276976,0.6680926712787617,0.36661737158207414,0.06850361173663053,0.009692653432499032,-0.00980497576657835
1Y,exact,2015-03-24,pre,-0.0617,-2.1411427705518538,0.6625782370736042,0.0012442060168486907,0.6251605745590535,0.3641815665684991,0.08614917482414829,0.05266187470047701,-0.05273707248628656
1Y,exact,2015-04-07,pre,-0.075,-2.212534769166859,0.6584480796037169,7.882341675757742e-4,0.6965730587378015,0.35661153372356325,0.05087288420437979,-0.018730123914528107,0.018675411692461452
1Y,exact,2015-04-14,pre,-0.045,-2.2041215449190714,0.6587539444798527,8.299678968605047e-4,0.6881979039668749,0.35720952586201554,0.05412173607376088,-0.010316899666740653,0.0103002569215348
1Y,exact,2015-04-20,pre,-0.2483,-2.2944573537284727,0.6615009561960764,0.00053039829482782195,0.7786810786054876,0.36224842365934645,0.031666009963253784,-0.10065270847614194,0.10078343156014757
1Y,exact,2015-05-12,pre,-0.1,-2.2347991589771814,0.6576059486823642,6.864236378104772e-4,0.7189697621989362,0.35509718365232534,0.04298266425556007,-0.040994513724850634,0.0410721151535961
1Y,exact,2015-06-25,pre,-0.08,-2.2159430888009224,0.6588796786081879,7.798279524888608e-4,0.7000805743612594,0.3574472796568297,0.050254560261021,-0.022138443548591624,0.02218292731591931
1Y,exact,2015-06-30,pre,-0.0833,-2.1529096815959923,0.6627878067512222,0.0011735351432251584,0.6370824216342437,0.36463948632424786,0.0807093900290618,0.04089496365633849,-0.04081522541109639
1Y,exact,2015-08-26,post,-0.15,-2.537203692744165,0.69606407129083,2.717171873590481e-4,0.6778964370590519,0.35802680518572516,0.05839482540537489,-0.34339904749183425,-1.2099862881642665e-6
1Y,exact,2015-08-27,post,-0.03,-2.249494995538909,0.6629291489580982,6.993358144098163e-4,0.677906541089764,0.3580292580708394,0.05839279836570251,-0.055690350286578205,8.894044423946035e-6
1Y,exact,2015-10-27,post,-0.04,-2.149383938694853,0.6632985106492586,0.0012060746623136617,0.6778874029658486,0.3580344606094254,0.0584035616841011,0.044420706557477985,-1.0244079491461555e-5
1Y,exact,2016-03-01,post,-0.01,-2.2523860836253786,0.6600253825984306,6.517933880227367e-4,0.6779119419377755,0.35803107926063926,0.05839207345673363,-0.058581438373047856,1.429489243542914e-5
1Y,exact,2017-02-03,post,0.145,-2.1911355614133132,0.7855163568589559,0.005312582244446716,0.6778972759764317,0.35803251955861204,0.058398531143175184,0.0026690838390175387,-3.7106890837801387e-7
1Y,exact,2017-03-16,post,0.12,-1.773508042156524,0.5642173096657639,0.001686331797222786,0.6778908553056395,0.35803266782530985,0.05840101938864448,0.42029660309580685,-6.7917397005290425e-6
1Y,exact,2017-12-14,post,-0.06,-2.2893691909259886,0.6725120660602447,6.720192882561232e-4,0.6778861661492879,0.35803148757593034,0.05840193077520547,-0.0955645456736578,-1.1480896052185052e-5
1Y,exact,2018-04-18,post,-0.1025,-2.3246709840819832,0.7036301949600272,9.646184362391727e-4,0.6778967879632962,0.35803118551114615,0.05839777449263818,-0.13086633882965248,-8.590820438358904e-7
1Y,exact,2018-06-25,post,-0.015,-2.1711020642183128,0.6587890668818713,9.93219128711507e-4,0.6779026997545915,0.35802766006796805,0.05839310118009159,0.02270258103401801,5.052709251440746e-6
1Y,exact,2019-01-03,post,0.005,-2.1739183469593835,0.6591321339163142,9.842483859674954e-4,0.677879019723374,0.3580387444292227,0.0584096864566699,0.019886298292947302,-1.8627321966002697e-5
1Y,exact,2019-05-06,post,-0.045,-2.16381846346388,0.6628889697884371,0.001109597461501913,0.6778949297169876,0.35803258859599496,0.05839945083977186,0.029986181788450583,-2.7173283524417613e-6
1Y,exact,2019-11-05,post,-0.07,-2.2992312115239137,0.6730359345849581,6.431896397576278e-4,0.6779115243141758,0.35802418469715835,0.05838738192377092,-0.10542656627158298,1.387726883572693e-5
1Y,exact,2019-11-18,post,-0.0725,-2.28699627441119,0.6756750465955806,7.212922105739817e-4,0.677894989633123,0.35802714481385356,0.05839560156943848,-0.09319162915885926,-2.6574122170552883e-6
1Y,exact,2020-01-23,post,-0.0075,-2.1935122507462586,0.6593233091112323,8.883990633622505e-4,0.6779056112682468,0.35802679041737717,0.05839140888425802,2.923945060722133e-4,7.964222906720053e-6
1Y,exact,2020-02-03,post,-0.13,-2.1476884508130643,0.7264015475813727,0.0031339145337316303,0.6778887973912616,0.35803233398970125,0.058401548817497456,0.04611619443926651,-8.84965407843552e-6
1Y,exact,2020-03-30,post,-0.045,-2.0950562134373385,0.6563542361241558,0.0014272784933878515,0.6778850199777634,0.3580262640209698,0.05839868404193798,0.09874843181499227,-1.2627067576653772e-5
1Y,exact,2020-04-03,post,-0.05625,-2.21898255180267,0.6680410596161053,9.053462576743681e-4,0.6779066795383376,0.35802882792337676,0.058392444581420004,-0.025177906550339024,9.0324929975516e-6
1Y,exact,2020-04-15,post,-0.0525,-1.9932228147774453,0.6321648858548212,0.0016314403632709234,0.6778859613229363,0.35802885120796657,0.05840015337587011,0.20058183047488543,-1.1685722403731447e-5
1Y,rolled,2008-01-17,pre,-0.02,-1.9292891786952568,0.8138966604814484,0.01782816961308865,0.5116403938948344,0.3389660876181135,0.1312950141724662,-0.012391475636507332,0.012257950336190093
1Y,rolled,2008-04-16,pre,0.01,-1.917106780396749,0.8146034643974267,0.01866372758995607,0.499593203724966,0.3407145642357273,0.14266551680881584,-2.090773379994637e-4,2.1076016632171068e-4
1Y,rolled,2008-09-16,pre,-0.31,-1.9159442397175868,0.8321272340694187,0.02137505026174324,0.4981815044478687,0.3806288876894663,0.19068654078414238,9.534633411627524e-4,-0.0012009391107756229
1Y,rolled,2008-10-09,pre,-0.06,-1.9385266170776088,0.8137246825201453,0.017265546893485844,0.520994621949748,0.3385765770945024,0.12396051266015196,-0.021628914018859247,0.021612178391103687
1Y,rolled,2008-10-30,pre,0.025,-1.9303073395065782,0.8138837917675026,0.01776624145925324,0.5130483836965745,0.33908829991282075,0.13037602693287176,-0.013409636447828666,0.013665940137930155
1Y,rolled,2008-11-26,pre,-0.5,-1.6453923700530853,0.8287434997922536,0.04718751438634222,0.2277886094345624,0.37324626008326467,0.5417143061251206,0.27150533300566426,-0.2715938341240819
1Y,rolled,2008-12-23,pre,0.04,-1.9002005446960806,0.8154887897228121,0.019862949649745082,0.4827189032633824,0.34285191775743484,0.159245934158088,0.01669715836266894,-0.016663540295261903
1Y,rolled,2010-01-13,pre,0.12,-1.9452279325944297,0.814952356245791,0.017049850904460453,0.5276725928528597,0.3415417890055462,0.12245530675553122,-0.028330229535680207,0.028290149294215416
1Y,rolled,2010-10-20,pre,0.175,-1.9169723924957005,0.8196481929077217,0.019410485552630242,0.4993890885983945,0.3525883559945955,0.15677331356611957,-7.468943695099206e-5,6.645039750174941e-6
1Y,rolled,2010-11-11,pre,0.05,-1.8824577448023758,0.8161203856663819,0.02114331287716093,0.4648627015249004,0.34430287498490675,0.17706466709058652,0.03443995825637369,-0.034519742033743916
1Y,rolled,2010-11-22,pre,0.215,-1.8956448805914992,0.8233303758799558,0.021378126454152286,0.4781519528901297,0.3611005191502663,0.18555046242172507,0.021252822467250354,-0.021230490668514623
1Y,rolled,2010-12-13,pre,-0.05,-1.9095645345882692,0.8152644127110177,0.019230270744427826,0.49207353337941023,0.34232118631344777,0.15068808651144397,0.007333168470480267,-0.007308910179234074
1Y,rolled,2011-01-18,pre,0.14,-1.9219111480618245,0.8175065176096104,0.018788376456570072,0.5042990583921725,0.3475775062306566,0.1469100646178301,-0.00501344500307499,0.004916614833528177
1Y,rolled,2011-02-09,pre,0.27,-1.9624022777084758,0.8233108171231128,0.01720658830371842,0.5449257189071347,0.3610470522762817,0.13132614542952342,-0.04550457464972624,0.0455432753484904
1Y,rolled,2011-02-22,pre,0.15,-1.9075461392815698,0.8172319902887512,0.019651339308908486,0.4899853621580278,0.3469175094631776,0.15793364183336098,0.009351563777179717,-0.009397081400616514
1Y,rolled,2011-03-21,pre,0.18,-2.046978496677805,0.8025910315638153,0.010805808369010824,0.6294722264619316,0.310892329371702,0.04298114571368382,-0.13008079361905533,0.13008978290328727
1Y,rolled,2011-04-06,pre,0.02,-1.9186552406440007,0.8145582168980825,0.018562166937677517,0.5011174807883554,0.34059965753406174,0.14131715787680796,-0.001757537585251212,0.0017350372297110783
1Y,rolled,2011-05-13,pre,0.12,-1.886847048857803,0.8166163151645628,0.020922266912712557,0.4693009884273507,0.3454472469383607,0.17439417595944998,0.030050654200946436,-0.030081455131293622
1Y,rolled,2011-06-14,pre,0.18,-1.9693947872058173,0.8153748130690835,0.015778840659575466,0.5519381715105109,0.34257227165963117,0.10724728247413738,-0.052497084147067774,0.05255572795186664
1Y,rolled,2011-07-07,pre,-0.06,-1.8981756980499773,0.8158850283600595,0.020054946209544042,0.4806170405538346,0.34374683324686084,0.1621618387479698,0.01872200500877219,-0.018765403004809722
1Y,rolled,2011-12-01,pre,-0.2,-1.7489762967526454,0.8128751042877159,0.03150665321297106,0.3314104562340059,0.3365385894053853,0.3248179786585773,0.16792140630610408,-0.16797198732463842
1Y,rolled,2012-02-21,pre,-0.12,-1.8765323758852044,0.8181566889204787,0.0218796892174978,0.45911061602297554,0.34916704926495096,0.18864981891702856,0.04036532717354513,-0.04027182753566877
1Y,rolled,2012-05-10,pre,-0.05,-1.9170072995081517,0.8149161313788511,0.018715151203122626,0.4993914297109675,0.3414347963050722,0.14367136241363823,-1.0959644940222724e-4,8.986152323198215e-6
1Y,rolled,2012-05-14,pre,-0.15,-1.9965996655899678,0.8093935427756295,0.013687064763636046,0.5791059834425955,0.3280721879906622,0.07763246048058742,-0.0797019625312183,0.07972353988395114
1Y,rolled,2012-06-08,pre,-0.17,-1.9602999414069076,0.8156848012027743,0.016308323189010297,0.5429036691470387,0.3433263714424328,0.11391062167641247,-0.04340223834815804,0.043521225588394385
1Y,rolled,2012-07-03,pre,-0.02,-1.9077313766940533,0.815123646828305,0.01932534517309769,0.49029448346904214,0.34198635625765383,0.151768483508158,0.009166326364696165,-0.009087960089602165
1Y,rolled,2012-07-06,pre,-0.11,-1.9855864329893547,0.8100454373895061,0.014292916409288517,0.5681022803819062,0.3296758485215255,0.08494967653335211,-0.06868872993060515,0.06871983682326194
1Y,rolled,2012-07-19,pre,0.03,-1.920575469912266,0.8145358612659528,0.01844172411351486,0.5031340026622522,0.34059147233730824,0.13971421451136257,-0.0036777668535163954,0.00375155910360786
1Y,rolled,2012-08-21,pre,0.07,-1.92198366220389,0.814484511394572,0.018348829251640927,0.5044400696511415,0.3404240932728091,0.1384956941250672,-0.0050859591451404285,0.005057626092497214
1Y,rolled,2013-07-30,pre,-0.01,-1.9217022950045766,0.8143132239678907,0.018341384289237973,0.5041199800000904,0.3400004140597926,0.13825497771657527,-0.0048045919458270525,0.0047375364414460885
1Y,rolled,2013-08-06,pre,-0.05,-1.920587906757721,0.8146071583437339,0.018451202032071266,0.5031144043016413,0.34074033870297704,0.13990265678606972,-0.0036902036989714393,0.0037319607429970314
1Y,rolled,2013-08-13,pre,0.0467,-1.9012058193553354,0.815571086287314,0.019810233084688603,0.4835870805116127,0.3429710717120237,0.15864209694065046,0.015691883703414122,-0.015795363047031608
1Y,rolled,2013-10-29,pre,0.0925,-1.878819100673697,0.816865129472621,0.021512485112350724,0.46139253413117753,0.3461279655989876,0.1826262614865821,0.03807860238505256,-0.03798990942746677
1Y,rolled,2014-04-22,pre,-0.02,-1.9254142512886208,0.8140810895471442,0.018084748364967398,0.5080086103009486,0.3395059330433544,0.13467304226107898,-0.008516548229871246,0.008626166742304264
1Y,rolled,2014-06-10,pre,-0.04,-1.9196867742751746,0.814679481918131,0.0185165578207766,0.5021794661329176,0.34090520181930306,0.1408321761109332,-0.002789071216425132,0.0027970225742733335
1Y,rolled,2014-11-24,pre,-0.23,-1.9340803599825311,0.8222838203841887,0.018730958042487818,0.5166189585280611,0.35871006245669373,0.14990833820049557,-0.017182656923781625,0.01723651496941675
1Y,rolled,2015-01-22,pre,0.055,-1.95110952137649,0.8126816621072547,0.01641671586626489,0.5335792251464033,0.336078424078338,0.11246484643838267,-0.03421181831774045,0.03419678158775902
1Y,rolled,2015-02-05,pre,-0.025,-1.9158487159845774,0.814752435183605,0.018762889596105004,0.4983339353505065,0.3410714288093382,0.14409405748342,0.0010489870741721141,-0.0010485082081377883
1Y,rolled,2015-03-02,pre,0.055,-1.89767856351608,0.8158706648312295,0.020085293238133822,0.48017921704813926,0.3437304847196005,0.16252455290247123,0.019219139542669517,-0.019203226510505045
1Y,rolled,2015-03-17,pre,-0.12,-1.9065633044741683,0.8173858531415777,0.01973756428280742,0.48897460800187564,0.3473009055340432,0.15925297214450884,0.010334398584581184,-0.010407835556768663
1Y,rolled,2015-03-24,pre,-0.0617,-1.8751975329951769,0.8165013711981364,0.021706719601211292,0.45766983467451894,0.345245831010899,0.18505867544865917,0.04170017006357263,-0.04171260888412537
1Y,rolled,2015-04-07,pre,-0.075,-1.9308198566902797,0.8142707264507146,0.017790135596354728,0.5132539537563272,0.3398838225386446,0.13112354671081333,-0.013922153631530154,0.013871510197682901
1Y,rolled,2015-04-14,pre,-0.045,-1.9246401454738409,0.8143868225375271,0.018174555016050767,0.507090079905449,0.3402024184549894,0.13618062674940606,-0.007742442415091366,0.007707636346804658
1Y,rolled,2015-04-20,pre,-0.2483,-1.9807566920120026,0.8186914494322644,0.01560271278430927,0.5633388225009591,0.3503970267156776,0.10799954362842035,-0.06385898895325304,0.06395637894231482
1Y,rolled,2015-05-12,pre,-0.1,-1.9467406894069619,0.8140097088846342,0.01683705791492073,0.5292879606616998,0.33931539944557565,0.1188929108502794,-0.029842986348212364,0.0299055171030555
1Y,rolled,2015-06-25,pre,-0.08,-1.9328723168512887,0.8145721261798532,0.017711381811518486,0.5153737641306931,0.3406442531769552,0.13039751192632776,-0.015974613792539172,0.01599132057204883
1Y,rolled,2015-06-29,pre,-0.0467,-1.9265053743507972,0.8143697382691996,0.01806031674134298,0.508910060617217,0.3401271969068296,0.13469460575727363,-0.009607671292047648,0.00952761705857269
1Y,rolled,2015-06-30,pre,-0.0833,-1.884043210014839,0.8166227988241566,0.02111414123806278,0.4666203211487375,0.34558084039827175,0.17703482160649306,0.032854493043910526,-0.03276212240990678
1Y,rolled,2015-08-26,post,-0.15,-2.194294795526499,0.9266455889954437,0.017945825891252463,0.4993861072721797,0.34070638823711175,0.1428215124106035,-0.2773970924677496,3.6637135353845274e-6
1Y,rolled,2015-08-27,post,-0.03,-1.966029529831945,0.8185115238740565,0.016366265716012577,0.4993909289498777,0.34070579679259394,0.14281696233076097,-0.0491318267731955,8.485391233381545e-6
1Y,rolled,2015-10-26,post,-0.09,-1.5638213400947196,0.77939834202942615,0.044895520651217984,0.4993872011592176,0.34070871069733627,0.14282336029198175,0.3530763629640299,4.7576005732796744e-06
1Y,rolled,2015-10-27,post,-0.04,-1.8755284508377978,0.822884815063479,0.022722360660958462,0.49937015664119166,0.34071352196636795,0.14284263519298257,0.04136925222095167,-1.2286917452641877e-5
1Y,rolled,2016-03-01,post,-0.01,-1.9688183295362682,0.8142091533437109,0.015660325635913196,0.49939150337083815,0.3407087767320816,0.14281999651902724,-0.051920626477518717,9.059812193845662e-6
1Y,rolled,2017-02-03,post,0.145,-1.892287983115975,0.971784590078832,0.05159759670669475,0.4993794040490111,0.34071080981318325,0.1428320581400474,0.02460971994277461,-3.0395096332069826e-6
1Y,rolled,2017-03-16,post,0.12,-1.5281069651588257,0.8146814281508203,0.06078911711173099,0.49937408897933927,0.3407124017580346,0.14283817619434713,0.3887907378999238,-8.35457930503658e-6
1Y,rolled,2017-12-14,post,-0.06,-1.999464827745013,0.8323554343128345,0.016356460477290124,0.4993730939053205,0.340710586547835,0.1428368439625731,-0.0825671246862636,-9.349653323831308e-6
1Y,rolled,2018-04-18,post,-0.1025,-2.0235615958644395,0.8757697573806417,0.02091995755682341,0.49938076871940107,0.3407098688065535,0.1428298632841156,-0.10666389280569,-1.6748392432375248e-6
1Y,rolled,2018-06-25,post,-0.015,-1.8964110910068557,0.8154386710861519,0.020102510325691922,0.49938901031990923,0.34070755114059287,0.14282055374225922,0.020486612051893838,6.5667612649256135e-6
1Y,rolled,2018-10-09,post,-0.03,-1.9173025910169414,0.819701253504939,0.01939745080586606,0.49938932030710315,0.340705158173724,0.14281750030086873,-4.048879581919351e-4,6.8767484588394545e-6
1Y,rolled,2019-01-03,post,0.005,-1.898384403326301,0.8150485141997837,0.019914308308627667,0.49935905772958133,0.3407177277932482,0.14285644515794826,0.01851329973244842,-2.338582906297182e-5
1Y,rolled,2019-01-07,post,-0.06,-2.363591490899135,0.7157347246579198,9.697600240781032e-4,0.4993674944508887,0.3407095694906429,0.14284013071816667,-0.4466937878403856,-1.494910775562408e-5
1Y,rolled,2019-05-06,post,-0.045,-1.8888327404387437,0.8211724586062447,0.021505120604831045,0.4993773328820589,0.3407114115963468,0.14283442043164196,0.028064962620005796,-5.110676585429186e-6
1Y,rolled,2019-09-09,post,0.01375,-1.9088781244052406,0.815392149474883,0.019292531136648715,0.4993813885909971,0.3407089406069161,0.14282827921590086,0.008019578653508885,-1.0549676471849345e-6
1Y,rolled,2019-11-05,post,-0.07,-2.0080159184507567,0.8334703436795811,0.016044626986856922,0.4994000613240631,0.340703157347626,0.14280656353917653,-0.09111821539200715,1.7617765418809217e-5
1Y,rolled,2019-11-18,post,-0.0725,-1.9967772112134938,0.8363617084951755,0.017025137633764176,0.49938470151679865,0.3407072979476669,0.14282370338479866,-0.07987950815474432,2.257958154339157e-6
1Y,rolled,2020-01-23,post,-0.0075,-1.9165713527654447,0.8147930020878404,0.018724171641921687,0.49939259034071726,0.3407052389048804,0.14281497941045565,3.2635029330485565e-4,1.0146782072950611e-5
1Y,rolled,2020-02-03,post,-0.13,-1.8625282960482454,0.903425091334778,0.03932637577826999,0.4993737237591934,0.3407137832109386,0.1428400880108617,0.05436940701050408,-8.719799450884747e-6
1Y,rolled,2020-03-16,post,-0.00125,-1.9147725500458084,0.8141847745146887,0.018746902953414822,0.4993842171241197,0.34070562495651446,0.14282212941643768,0.002125153012941139,1.7735654753714414e-6
1Y,rolled,2020-03-30,post,-0.045,-1.8266274577002133,0.8193835822570054,0.02586750425802598,0.49937924026520325,0.3407046541980475,0.1428249721892264,0.09027024535853623,-3.2032934410564096e-6
1Y,rolled,2020-04-03,post,-0.05625,-1.9378386270780292,0.8255067807075738,0.01896497385954267,0.49939050741824675,0.34070825677294336,0.1428201835472005,-0.020940924019279716,8.063859602447376e-6
1Y,rolled,2020-04-15,post,-0.0525,-1.7349723629602924,0.80573903496133,0.03137469614436308,0.4993768769214697,0.34070993229556573,0.1428330507888541,0.18192534009845707,-5.566637174603262e-6
5Y,exact,2008-01-17,pre,-0.05,-1.5736173727508256,0.49158069623409845,0.0013827326772864195,0.4888791087470449,0.3310392408636009,0.13983080319091276,-0.047058085872342614,0.04693823783757112
5Y,exact,2008-03-19,pre,0.045,-1.5334811293939428,0.49287919022572835,0.001879826646881502,0.4488227599834838,0.33297120731613633,0.17777879082892198,-0.006921842515459797,0.00688188907401005
5Y,exact,2008-04-16,pre,0.04,-1.52821796607296,0.492944008720294,0.0019514050883794746,0.44359498155207866,0.3330815332613227,0.1830270458473121,-0.0016586791944770418,0.0016541106426049001
5Y,exact,2008-05-12,pre,-0.02,-1.5317498201125146,0.49268572592182835,0.0018944262235529843,0.4471549697688737,0.33271537939480483,0.17906108448900626,-0.005190533234031625,0.0052140988593999404
5Y,exact,2008-09-16,pre,-0.39,-1.5386913832292055,0.5692282075262431,0.006906789639757579,0.45383533784413455,0.4381712386305714,0.30040034145097494,-0.012132096350722543,0.011894466934660786
5Y,exact,2008-10-09,pre,-0.11,-1.5888489788807019,0.4935776829251781,0.0012994856525807158,0.5042610381479145,0.3340185431909854,0.13122733139869347,-0.0622896920022189,0.062320167238440694
5Y,exact,2008-10-30,pre,0.08,-1.5919832055827814,0.49123364367114,0.0012046472346895884,0.5077075150206869,0.33057606339280143,0.12468322607523272,-0.06542391870429842,0.06576664411121314
5Y,exact,2008-11-26,pre,-0.28,-1.2789785255255168,0.45527148499085324,0.00499666699658849,0.19418739998105705,0.2741537910611978,0.4788027002041486,0.24758076135296614,-0.2477534709284167
5Y,exact,2008-12-23,pre,0.095,-1.4717219575621354,0.4923762327021365,0.0028207839196312426,0.38717478960113494,0.33228615012229656,0.24403405556614247,0.05483732931634755,-0.05476608130833882
5Y,exact,2010-01-13,pre,0.04,-1.537503056631811,0.49312134435819105,0.001838191699270433,0.45281609172315285,0.33332606071391213,0.17441118595781147,-0.010943769753328114,0.010875220813679087
5Y,exact,2010-10-20,pre,0.36,-1.5782775784877114,0.5514601217704483,0.004238096874039971,0.4935985896192008,0.41479356083560187,0.2341431989768788,-0.05171829160922847,0.05165771870972702
5Y,exact,2010-11-11,pre,0.03,-1.4960238837314268,0.49199536258002685,0.002379860621386513,0.4112799953160623,0.3316334670523211,0.21500872260202503,0.03053540314705616,-0.030660875593411463
5Y,exact,2011-02-09,pre,0.29,-1.598416139097069,0.5232250807898933,0.002270328895736186,0.5138327726041465,0.37643536244602327,0.1723536113724832,-0.07185685221858606,0.07189190169467274
5Y,exact,2011-04-06,pre,0.01,-1.5278092622726451,0.4926300731278305,0.0019438914728196878,0.44315313271522594,0.3326085701576865,0.1828413101850696,-0.0012499753941621616,0.0012122618057521795
5Y,exact,2011-04-18,pre,-0.005,-1.5278934510829905,0.4925771578042727,0.0019405949785667334,0.4432802003407628,0.33254114593584844,0.18262719678931685,-0.001334164204507493,0.0013393294312890602
5Y,exact,2011-05-13,pre,0.01,-1.522477316522808,0.4925653352133766,0.0020131787696185447,0.437837793079022,0.33250790653100887,0.18801194905492125,0.004081970355674924,-0.0041030778304517734
5Y,exact,2011-06-14,pre,0.12,-1.5695769438971434,0.4963333360949346,0.0015802031683930702,0.4850141682475909,0.3380791455696831,0.1514973320126626,-0.04301765701866045,0.043073297338117156
5Y,exact,2011-07-07,pre,-0.04,-1.5077483893791608,0.49273669692261923,0.002232754204280982,0.42312442173155457,0.3327823470515232,0.20365536222291722,0.018810897499322188,-0.018816449177919192
5Y,exact,2011-12-01,pre,-0.11,-1.3875942937308932,0.47841646466435217,0.003753281659470723,0.30294789497593655,0.31119467634248543,0.3303812063032643,0.1389649931475898,-0.1389929759335372
5Y,exact,2012-06-08,pre,-0.21,-1.6109385705224841,0.5029339914885581,0.0013734630563961077,0.5264552024552298,0.34771838274569694,0.1301210658492142,-0.08437928364400116,0.08451433154575605
5Y,exact,2012-07-03,pre,-0.03,-1.5063284138964261,0.4925433651987671,0.0022452860805772107,0.4217965422260578,0.33252626339431646,0.20472891950381308,0.020230872982056836,-0.02014432868341598
5Y,exact,2012-07-05,pre,0.02,-1.5258520014133914,0.49274431947277914,0.0019748181607905143,0.44118587679997,0.33276699427833056,0.18500050940487853,7.072854650915783e-4,-7.549941095037482e-4
5Y,exact,2012-07-06,pre,-0.09,-1.6063122536787247,0.48991250141606146,0.0010541374377981466,0.5217178365498156,0.32857786431130204,0.11243250644810202,-0.07975296680024169,0.07977696564034187
5Y,exact,2012-07-10,pre,-0.03,-1.5245764198272778,0.49289144270234697,0.001998267737345677,0.4400039085421383,0.333029824941233,0.18652753810122957,0.001982867051205206,-0.0019369623673354819
5Y,exact,2012-07-19,pre,0.03,-1.531802038860326,0.4928989879402041,0.0019023620260672878,0.447258187928287,0.333040407796846,0.17938520472705693,-0.005242751981842986,0.005317317018813217
5Y,exact,2012-08-21,pre,0.03,-1.5295211802725823,0.4926636613414072,0.0019226408620896698,0.44489413278985224,0.33266658546738453,0.18120435798701967,-0.0029618933940993575,0.002953261880378477
5Y,exact,2013-07-30,pre,0.01,-1.5191435941132703,0.4925335044827581,0.002058027195557959,0.4344261353723339,0.33244318633790026,0.19138867972678536,0.0074156927652127,-0.007514735537139883
5Y,exact,2013-08-06,pre,-0.04,-1.530619065532012,0.4929073158799556,0.0019181576669177365,0.4460213214079233,0.3330367237687799,0.1805858906849373,-0.0040597786535290226,0.004080450498449517
5Y,exact,2013-08-13,pre,0.0983,-1.4808072311976161,0.4934430832941796,0.002712724993016632,0.3960870703647662,0.3337797280836108,0.23544817581090877,0.04575205568086682,-0.04585380054470756
5Y,exact,2013-10-29,pre,0.08,-1.4775136465626193,0.49213443031624715,0.002701310625595717,0.3930660805913061,0.33197755157957554,0.23649851834598762,0.04904564031586367,-0.04887479031816766
5Y,exact,2014-04-22,pre,0.02,-1.5135162557422488,0.4924125821280509,0.002132840134644935,0.42909444773963235,0.33237380748128176,0.19680033413615614,0.013043031136234173,-0.012846423169841414
5Y,exact,2014-06-10,pre,-0.03,-1.5293042678850266,0.4928949630608988,0.0019349675471876423,0.44469390575165724,0.3330183655104389,0.1818622458443452,-0.002744981006543634,0.002753034842183477
5Y,exact,2015-01-22,pre,0.02,-1.5441817249418772,0.4925811224343296,0.0017353819244226578,0.45950260182584457,0.33251886439334594,0.16710705254841057,-0.017622438063394252,0.01756173091637081
5Y,exact,2015-02-05,pre,-0.01,-1.525832768431289,0.4926275686640621,0.00197020906756085,0.44121945535638607,0.33261911950362527,0.1847719064681381,7.265184471940689e-4,-7.214155530876898e-4
5Y,exact,2015-03-03,pre,-0.0033,-1.5262513936595072,0.4926105115930003,0.0019638768677360144,0.4415870481432883,0.3325779043835649,0.18435202894034805,3.0789321897572997e-4,-3.5382276618545205e-4
5Y,exact,2015-03-17,pre,-0.0983,-1.5116818119246627,0.49589306087491636,0.0023200819859488997,0.42695037941010583,0.33741107981335716,0.20583351609794598,0.014877474953820302,-0.01499049149936793
5Y,exact,2015-03-24,pre,-0.01,-1.5166994593604912,0.4926125372094462,0.0020959762991198806,0.4320052844595079,0.3325730062846515,0.19404806096898286,0.009859827517991748,-0.009935586449965839
5Y,exact,2015-04-07,pre,-0.0333,-1.5348061662456225,0.4927719842651491,0.001858577247880936,0.4501422981121759,0.3328127176956027,0.17630173972446528,-0.008246879367139526,0.008201427202702116
5Y,exact,2015-04-14,pre,-0.06,-1.542036588466273,0.49341264109115723,0.0017930311021579913,0.4574005415310521,0.33378330544563445,0.17067660135930857,-0.015477301587790038,0.015459670621578325
5Y,exact,2015-04-20,pre,-0.1917,-1.5850401159625491,0.5034874725294379,0.001658883937408931,0.5005498213300538,0.3485292753807099,0.15105306897929527,-0.058480829084066155,0.05860895042058001
5Y,exact,2015-05-12,pre,-0.035,-1.5396288872797217,0.49285261359035965,0.0018011540707503174,0.45508603226806676,0.3329729985566321,0.17180757914800088,-0.013069600401238723,0.013145161358593005
5Y,exact,2015-06-25,pre,-0.06,-1.5427163018017107,0.49364340305525867,0.0017935416981537035,0.45814235771603096,0.33413467590095225,0.17043367766902803,-0.01615701492322774,0.016201486806557197
5Y,exact,2015-06-30,pre,-0.0483,-1.4976923504555644,0.4924946905118364,0.0023774594857265503,0.4131539281774098,0.3324628196358456,0.2140699945719688,0.0288669364229186,-0.028786942732063947
5Y,exact,2015-08-26,post,-0.07,-1.550943693668798,0.5065911978590917,0.0022210274331586582,0.44193967056986605,0.33255989096814575,0.18397819364058088,-0.02438440679031495,-1.2003396077098216e-6
5Y,exact,2015-08-27,post,-0.005,-1.5334850290851945,0.49304194208184365,0.0018863044961147134,0.4419449086111795,0.33256139746645413,0.18397498328467163,-0.006925742206711494,4.037701705761343e-6
5Y,exact,2015-10-27,post,-0.06,-1.4584101180460938,0.4942899485700164,0.0031962662350343844,0.4419360022480386,0.332563191644542,0.18398618441867257,0.0681491688323892,-4.868661435175614e-6
5Y,exact,2016-03-01,post,-0.005,-1.5546777256317048,0.49388954849859046,0.0016605678713650356,0.4419509466725555,0.3325634091187042,0.18397164531476387,-0.02811843875322184,1.0075763081762723e-5
5Y,exact,2017-02-03,post,0.17,-1.4357177765103903,0.5987094556906424,0.01654286275013334,0.44194193742158017,0.3325628665960374,0.18397986771785738,0.09084151036809263,1.0665121064068472e-6
5Y,exact,2017-03-16,post,0.01,-1.4754095453922442,0.4886895808979826,0.002555858913218792,0.4419371592970093,0.3325629859496036,0.1839847653402687,0.05114974148623874,-3.71161246448537e-6
5Y,exact,2017-12-14,post,-0.05,-1.5895263702704996,0.4989690590724088,0.0014588119229665473,0.4419335699020062,0.332561377947361,0.1839862064067774,-0.06296708339201662,-7.301007467541698e-6
5Y,exact,2018-04-18,post,-0.16,-1.823795729528265,0.4966688047461886,2.4467923017324335e-4,0.44194017460412727,0.3325622669724145,0.18398082603861265,-0.297236442649782,-6.96305346492565e-7
5Y,exact,2018-06-25,post,0.005,-1.5370506916950966,0.4930028451522554,0.0018392373345310813,0.44194330044069075,0.3325612992906296,0.18397644924961065,-0.010491404816613592,2.4295312169853034e-6
5Y,exact,2019-01-03,post,-0.01,-1.5643542670170385,0.49382925148863,0.001550923356544171,0.44193210563588214,0.33256470563226354,0.18399204625671856,-0.037794980138555534,-8.765273591615497e-6
5Y,exact,2019-05-06,post,-0.05,-1.4875968299667706,0.4930377118802303,0.002571945562464832,0.441940422467637,0.33256288019069563,0.18398138858264426,0.038962456911712406,-4.484418367756149e-7
5Y,exact,2019-11-05,post,-0.06,-1.5991581667969896,0.49949837598147356,0.001380864575541945,0.4419463597063228,0.33255991038897237,0.18397158323870172,-0.07259887991850666,5.488796849029143e-6
5Y,exact,2019-11-18,post,-0.08,-1.619091180772497,0.5041768105433493,0.0013346473488402536,0.44193694577568143,0.3325602418602946,0.18398135944880517,-0.09253189389401406,-3.925133792326285e-6
5Y,exact,2020-01-23,post,-0.0025,-1.5263116276434883,0.49255496119635955,0.001960762735066239,0.44194394190121883,0.33256059603446236,0.18397488574300816,2.4765923499470155e-4,3.070991745068863e-6
5Y,exact,2020-02-03,post,-0.16,-1.4239425908560472,0.5449161933586459,0.009014904792210005,0.44193599304702,0.3325629572834076,0.18398588457219447,0.10261669602243573,-4.877862453733783e-6
5Y,exact,2020-03-30,post,-0.03,-1.45067337150096,0.48541930374307485,0.002825608019540861,0.44192867200231417,0.33255810464995533,0.18398675016779276,0.07588591537752287,-1.219890715958849e-5
5Y,exact,2020-04-03,post,-0.0475,-1.538786952825913,0.496488245086077,0.0019569526396606184,0.44194601243163933,0.33256226724233096,0.18397503490636,-0.012227665947430078,5.141522165574841e-6
5Y,exact,2020-04-15,post,-0.04625,-1.335681630322621,0.4539083091991282,0.0032786331224914102,0.44193076066749176,0.3325606730439294,0.18398806412471014,0.19087765655586186,-1.0110241981997614e-5
5Y,rolled,2008-01-17,pre,-0.05,-1.3595084419350711,0.6251497575402049,0.029728738575089394,0.3684266756676522,0.3072040330301998,0.23050715913979516,-0.03900504636923441,0.038861020099776544
5Y,rolled,2008-03-19,pre,0.045,-1.32622383216008,0.6263057465173458,0.03429415230195797,0.33520224726059766,0.3095445090090012,0.2789422717830543,-0.005720436594243372,0.005636591692722015
5Y,rolled,2008-04-16,pre,0.04,-1.3217490452011107,0.6263821610097418,0.03492711523528655,0.33080157125919196,0.30973853320937356,0.28560269533774013,-0.0012456496352739599,0.0012359156913163138
5Y,rolled,2008-05-12,pre,-0.02,-1.3247326822149317,0.6261789678733047,0.03446016197799465,0.3338693206333777,0.3093649614264816,0.28057893323438254,-0.004229286649094943,0.00430366506550206
5Y,rolled,2008-09-16,pre,-0.39,-1.3018094459399938,0.6683043166486132,0.0515138192966362,0.31060796290940895,0.38753020495418833,0.42290009432799236,0.01869394962584292,-0.018957692658466696
5Y,rolled,2008-10-09,pre,-0.11,-1.3706611175516232,0.6262585285215073,0.02869679849208377,0.37972365261094787,0.3094534131147553,0.2198864814089586,-0.050157721985786496,0.05015799704307222
5Y,rolled,2008-10-30,pre,0.08,-1.3742381024551864,0.62481862780672,0.027921897282609506,0.38357713679777883,0.30659285608981945,0.21099405899304297,-0.05373470688934967,0.05401148122990318
5Y,rolled,2008-11-26,pre,-0.28,-1.1048794326922529,0.6065037139253783,0.06859418198730828,0.11387940749828569,0.2672426896620932,0.670044745259553,0.21562396287358387,-0.21568624806958997
5Y,rolled,2008-12-23,pre,0.095,-1.2736271705546132,0.6265889734544952,0.04217461659249191,0.28269303225827763,0.31019006080434053,0.3621797910317245,0.04687622501122357,-0.046872623309598016
5Y,rolled,2010-01-13,pre,0.04,-1.3294222754270932,0.6263860509427579,0.03388605079469856,0.3384229268217894,0.30974594417061396,0.27466236958287177,-0.008918879861256501,0.008857271253913779
5Y,rolled,2010-10-20,pre,0.36,-1.3386242860688524,0.6598975170249763,0.04259136185943192,0.34760462638592604,0.3728949388289376,0.35131709041971715,-0.018120890503015685,0.018038970818050393
5Y,rolled,2010-11-11,pre,0.03,-1.2947655511976874,0.6261574861042449,0.03874226425673035,0.3037428032636272,0.3092589839688805,0.3260962809891961,0.0257378443681493,-0.025822852304248467
5Y,rolled,2010-11-22,pre,0.115,-1.2962324851107772,0.6287958397450921,0.03934334621951541,0.30531367056333497,0.31460503453468014,0.33188988465672153,0.02427091045505958,-0.024251985004540677
5Y,rolled,2010-12-13,pre,-0.035,-1.313764735796156,0.6264336705276131,0.03605575328049297,0.3228437006088933,0.30986778888977934,0.29755079471899587,0.006738659769680799,-0.006721954958982368
5Y,rolled,2011-01-18,pre,0.07,-1.3191604396347107,0.6272312986984986,0.035533416500331816,0.3280911993811112,0.3114427166335958,0.292214362486877,0.0013429559311259887,-0.0014744561867644501
5Y,rolled,2011-02-09,pre,0.29,-1.3649775955265369,0.6440542690798937,0.03414023356161073,0.3740939737775615,0.3440704027179739,0.27700668312273974,-0.04447419996070012,0.044528318209685835
5Y,rolled,2011-02-22,pre,0.08,-1.3113536366579186,0.627037607382289,0.03657832381588345,0.32037464214726374,0.311033361495691,0.30307505501195203,0.009149758907918137,-0.009191013420611904
5Y,rolled,2011-03-21,pre,0.14,-1.434043092583293,0.6193626917683562,0.02065878319037578,0.44312129061226363,0.29525447829508006,0.13350644877349124,-0.11353969701745625,0.11355563504438798
5Y,rolled,2011-04-06,pre,0.01,-1.321535640312531,0.6262064828670547,0.034905473119303795,0.3305734517515005,0.30937463832607515,0.285368750605332,-0.0010322447466941664,0.0010077961836248428
5Y,rolled,2011-04-18,pre,-0.005,-1.3216170755753456,0.6261779692149995,0.03488599852445366,0.3306772025379096,0.3093123374475003,0.28512061593909305,-0.001113680009508844,0.0011115469700339609
5Y,rolled,2011-05-13,pre,0.01,-1.3170685201979984,0.6262308820829053,0.03553172601260252,0.3261155256856113,0.30940030937135204,0.2919540273813102,0.0034348753678383748,-0.003450129882264341
5Y,rolled,2011-06-14,pre,0.12,-1.3541765558401375,0.6279980987884699,0.031134116078412717,0.36328240181832816,0.31301405622400524,0.245896428830426,-0.033673160274300784,0.03371674625045251
5Y,rolled,2011-07-07,pre,-0.04,-1.3046303720339187,0.6264847794093665,0.037382359721605196,0.3136412363956086,0.30993004915755784,0.31162953615610844,0.015873023531917996,-0.015924419172267057
5Y,rolled,2011-12-01,pre,-0.11,-1.2031018062062884,0.6195105334019974,0.05222539255543445,0.21209194123002928,0.29558003818150597,0.47309216268625576,0.11740158935954836,-0.11747371433784637
5Y,rolled,2012-02-21,pre,-0.075,-1.2864989147104575,0.6269041699280511,0.04023949572363291,0.29565912010441636,0.3108358838182086,0.3415902194912931,0.034004480855379215,-0.033906535463459286
5Y,rolled,2012-05-14,pre,-0.09,-1.3737674863181104,0.6248176317282834,0.027975254508597672,0.38285364603440064,0.306563892853704,0.2118128984451213,-0.053264090752273674,0.05328799046652499
5Y,rolled,2012-06-08,pre,-0.21,-1.3832828306755725,0.6319473687239142,0.02867712187576756,0.3924692632973441,0.3208618518959105,0.22135791619460748,-0.06277943510973572,0.06290360772946846
5Y,rolled,2012-07-03,pre,-0.03,-1.303435584824734,0.6263855008964131,0.037526643226295335,0.3126036434977251,0.30976191772192074,0.31297020525020497,0.01706781074110264,-0.016962012070150523
5Y,rolled,2012-07-05,pre,0.02,-1.3198059236312787,0.6262962235668188,0.03517026048653135,0.3288786787910151,0.3095394852414426,0.28810202857860157,6.974719345580471e-4,-6.869767768605262e-4
5Y,rolled,2012-07-06,pre,-0.09,-1.3858637136212222,0.623950943554832,0.026415687125460947,0.3949648053171924,0.30478333880636194,0.1951110991215304,-0.06536031805538545,0.06539914974931677
5Y,rolled,2012-07-10,pre,-0.03,-1.3187328754968102,0.6263871532538382,0.03534566266672699,0.32781292005018053,0.3097665728522269,0.29002055116998593,0.00177052006902656,-0.0017527355176951143
5Y,rolled,2012-07-19,pre,0.03,-1.3247486204078833,0.6263150011565775,0.03449715745634525,0.333883823328653,0.3096318761554288,0.28097281480889313,-0.004245224842046591,0.004318167760777369
5Y,rolled,2012-08-21,pre,0.03,-1.3229757104186335,0.626212053731708,0.03470948312728384,0.33201115692120686,0.3093835321926443,0.2832930462263899,-0.002472314852796753,0.002445501353331214
5Y,rolled,2013-07-30,pre,0.01,-1.3142402643317879,0.626237512903741,0.03593052758345149,0.32324276715544653,0.3094159285719953,0.296249365974298,0.006263131234048869,-0.006322888412429117
5Y,rolled,2013-08-06,pre,-0.04,-1.3237254107204262,0.6263334494304789,0.034642034782024676,0.3328409673291963,0.30964472986519714,0.28249780991693035,-0.0032220151545894193,0.003275311761320676
5Y,rolled,2013-08-13,pre,0.0983,-1.2811101542042151,0.6271268256995278,0.04115442663771747,0.2900753655602005,0.31118014944217226,0.35131719678070406,0.03939324136162159,-0.03949029000767512
5Y,rolled,2013-10-29,pre,0.08,-1.2787567546211545,0.626422453329985,0.04129930299753391,0.28792080842192747,0.30986255328542145,0.35286379256509803,0.04174664094468228,-0.04164484714594818
5Y,rolled,2014-04-22,pre,0.02,-1.3095803923343192,0.6262344590818526,0.036591722055549024,0.3187610614868241,0.3094761710606246,0.30308964906748365,0.010923003231517514,-0.010804594081051555
5Y,rolled,2014-06-10,pre,-0.03,-1.3226638840310798,0.6263408220330136,0.03478947015907461,0.3317363402751923,0.3096576267678929,0.2841179909115417,-0.0021604884652430822,0.002170684707316628
5Y,rolled,2014-11-24,pre,-0.26,-1.3340489480962414,0.6414432029261931,0.03762960028484865,0.3431752475917588,0.33918807626807185,0.31173435404386307,-0.013545552530404681,0.013609592023883177
5Y,rolled,2015-01-22,pre,0.02,-1.3351738980319126,0.6260147708407878,0.03301842683515832,0.34422739908601563,0.3089740446244197,0.26532369270476364,-0.014670502466075819,0.01466174351813998
5Y,rolled,2015-02-05,pre,-0.01,-1.3198893948717263,0.6262254515464141,0.035138071459772234,0.32894874442505595,0.3094215587525891,0.28781568919806216,6.140006941104392e-4,-6.169111428196983e-4
5Y,rolled,2015-03-02,pre,0.02,-1.3113528177682092,0.6262998196133189,0.03635815668355738,0.3204409029878159,0.30956545296167404,0.30068852601650153,0.009150577797627513,-0.009124752580059736
5Y,rolled,2015-03-03,pre,-0.0033,-1.3202402864978633,0.626210602850656,0.03508523700824098,0.3292713734292719,0.30938264464771614,0.2872826206027419,2.631090679734438e-4,-2.9428213860377417e-4
5Y,rolled,2015-03-17,pre,-0.0983,-1.3066258140617901,0.6282129922479333,0.03761607297846748,0.31559850060752515,0.3134148370014346,0.3140292696117044,0.01387758150404661,-0.013967154960350503
5Y,rolled,2015-03-24,pre,-0.01,-1.3122225169350277,0.6263051510143959,0.03623607813166873,0.32126309762507294,0.30959348088057725,0.2994939816500049,0.008280878630809063,-0.008302557942802713
5Y,rolled,2015-04-07,pre,-0.0333,-1.3272943240016282,0.6262239890062978,0.034126015582995765,0.33632839787440566,0.30938146481505147,0.2770776279970394,-0.006790928435791432,0.006762742306530012
5Y,rolled,2015-04-14,pre,-0.06,-1.3330360779102888,0.6265099834078955,0.03343944241010576,0.3420608143345295,0.30999940526130193,0.2699289043038883,-0.01253268234445204,0.012495158766653858
5Y,rolled,2015-04-20,pre,-0.1917,-1.3632081020619773,0.6321943085155094,0.03113620426544324,0.37237999927030563,0.3213438400558883,0.24661863253222777,-0.042704706496140554,0.04281434370242998
5Y,rolled,2015-05-12,pre,-0.035,-1.3312537947853835,0.6262057935487766,0.03359023399512159,0.3403752500957047,0.3094032099194482,0.2713730970759501,-0.010750399219546791,0.010809594527829036
5Y,rolled,2015-06-25,pre,-0.06,-1.3334901092846165,0.6266418160749846,0.03341645628871215,0.3425726933253993,0.310263559090321,0.2696207231790097,-0.012986713718779797,0.013007037757523654
5Y,rolled,2015-06-29,pre,-0.01,-1.322734633089905,0.6261905915007975,0.03473628662017008,0.3317209390380168,0.3093167446777252,0.2836100773649178,-0.002231237524068286,0.002155283470141156
5Y,rolled,2015-06-30,pre,-0.0483,-1.2960794573398111,0.6264221180592519,0.03862718869008422,0.30522184994128265,0.3098809395260683,0.32471837586442276,0.02442393822602562,-0.024343805626592996
5Y,rolled,2015-08-26,post,-0.07,-1.338831803458273,0.6484924304400501,0.03905074390225393,0.32956808707268437,0.30935959261425583,0.2868126795691513,-0.01832840789243617,2.4315048087197866e-6
5Y,rolled,2015-08-27,post,-0.005,-1.3268514329028163,0.6262455978903482,0.0341920000648192,0.32957098589849637,0.30935930578299353,0.2868079945944165,-0.0063480373369795284,5.330330620723078e-6
5Y,rolled,2015-10-26,post,-0.07,-0.997706433514798,0.5695382835209265,0.07991057784303192,0.32956781207796604,0.3093619233335887,0.2868167118512245,0.3227969620510387,2.1565100903897516e-6
5Y,rolled,2015-10-27,post,-0.06,-1.253232957948676,0.6396464596890841,0.05017221856757949,0.3295583842082008,0.30936281526939025,0.2868318853932218,0.06727043761716067,-7.271359674820843e-6
5Y,rolled,2016-03-01,post,-0.005,-1.3465936269313064,0.6258869684583812,0.03151425880692575,0.3295731193909063,0.309361517208162,0.2868083197701647,-0.02609023136546962,7.46382303062898e-6
5Y,rolled,2017-02-03,post,0.17,-1.2010604108232759,0.8033243380682663,0.13498708339701174,0.32956478175370457,0.30936174787670656,0.2868208690966967,0.11944298474256088,-8.73814171076237e-7
5Y,rolled,2017-03-16,post,0.01,-1.2720083404328835,0.6255397973999938,0.042091594822488206,0.3295595057844104,0.3093628583626414,0.28683031265454023,0.04849505513295327,-6.149783465247971e-6
5Y,rolled,2017-12-14,post,-0.05,-1.3773827564890553,0.6349091293876871,0.0301269733933726,0.329559139837721,0.3093611897590315,0.2868282487623651,-0.05687936092321855,-6.515730154643684e-6
5Y,rolled,2018-04-18,post,-0.16,-1.5646203001105359,0.7237756501017337,0.030714129711465393,0.3295643228504927,0.3093615137881733,0.286821175441142,-0.24411690454469914,-1.332717382951376e-6
5Y,rolled,2018-06-25,post,0.005,-1.330473537227773,0.6262015386171166,0.03369302173323575,0.3295694634605154,0.30936087496675635,0.2868126645577254,-0.009970141661936216,3.8078926397622226e-6
5Y,rolled,2018-10-09,post,-0.005,-1.3189457982072514,0.6262455272491686,0.03527467183705504,0.32956849141048716,0.30935923306449925,0.2868115283852859,0.0015575973585852942,2.835842611514927e-6
5Y,rolled,2019-01-03,post,-0.01,-1.3558047816886638,0.6257427649178772,0.030332909272797068,0.329551651980064,0.3093645622882347,0.2868444498041032,-0.03530138612282707,-1.400358781167288e-5
5Y,rolled,2019-01-07,post,-0.03,-1.5391770074990307,0.5969052209293965,0.009966128149116505,0.3295546524848763,0.3093591553727563,0.28683164107903847,-0.218673611933194,-1.1003082999339053e-5
5Y,rolled,2019-05-06,post,-0.05,-1.2825487317946558,0.6319460229557842,0.04249057154568839,0.32956302382043534,0.30936213874583446,0.2868240481286612,0.03795466377118095,-2.6317474403070307e-6
5Y,rolled,2019-09-09,post,0.01375,-1.3113487647413866,0.6267967251072559,0.036507030730609895,0.3295648218754272,0.3093608825038845,0.286819462570077,0.009154630824450116,-8.336924484653174e-7
5Y,rolled,2019-11-05,post,-0.06,-1.3860388098506533,0.6359221732712212,0.029364339820243397,0.32957550874111613,0.3093588266823829,0.28680063584664456,-0.06553541428481657,9.853173240481627e-6
5Y,rolled,2019-11-18,post,-0.08,-1.4025371196089487,0.6449204682290923,0.0297248441884301,0.3295653417050828,0.30936029825086575,0.28681779253500167,-0.08203372404311193,-3.138627928667148e-7
5Y,rolled,2020-01-23,post,-0.0025,-1.3202462685052068,0.6261856592850719,0.03507714577432987,0.32957135398886317,0.3093594379655521,0.2868076623144645,2.5712706062996915e-4,5.698420987521047e-6
5Y,rolled,2020-02-03,post,-0.16,-1.2027766134790034,0.730907041058048,0.09994890861749375,0.32955983753858054,0.30936363528175037,0.2868310376875486,0.11772678208683329,-5.818029295112659e-6
5Y,rolled,2020-03-16,post,0.045,-1.5169200501384092,0.6049062248501618,0.012203024881390561,0.3295632528415904,0.3093589692774282,0.28681877664622885,-0.1964166545725725,-2.40272628526661e-6
5Y,rolled,2020-03-30,post,-0.03,-1.2485417018026719,0.6260066550569826,0.04619008122579849,0.32956019672620945,0.3093577895619439,0.28682140745758433,0.07196169376316486,-5.458841666194925e-6
5Y,rolled,2020-04-03,post,-0.0475,-1.3307794500986263,0.6320006168006224,0.035314190829058824,0.3295706851768704,0.3093614640821003,0.28681179593168094,-0.01027605453278957,5.029608994733259e-6
5Y,rolled,2020-04-15,post,-0.04625,-1.1399586621103512,0.6104369595440543,0.06193373789924131,0.3295593066770088,0.30936149098737964,0.28682847400749234,0.1805447334554855,-6.3488908668696276e-6
